,gpu_time,gpu_time_ci,cpu_time,cpu_time_ci
expert0.0_alpha10.0,2.31955831807,0.07656683975417929,6.709331602816666,0.4682350751846333
expertmixed_alpha10.0,2.272335681486666,0.07138018321240551,5.49398389282,0.59385124119202
expert1.0_alpha10.0,2.31110853023,0.07126576338753707,6.0189504969500005,0.24206987006423727
expert0.25_alpha10.0,2.2915908179833333,0.05780488321457209,5.8874195040599995,0.44044021982279163
FSB,,,8.11907399465,12.957819867114107
SCIP,,,2.77701671161,1.8697181009930377
